{
  "docs_": 1781967904.3966475,
  "docs_01-agnostic_01-standards_": 1781968127.4798179
}